dataset,item_id,prompt_type,prompt_text,model_output,accuracy_score,reasoning_score,conciseness_score,fluency_score,notes
logic-puzzles,L1,zero-shot,"You are a precise reasoning assistant. Use only the information provided. If missing, say 'NOT ENOUGH INFORMATION'.\nPassage: Premises: All bloops are razzies. Some razzies are zopps.\nQ: If all bloops are razzies and some razzies are zopps. Can we conclude 'some bloops are zopps'?\nA:","[ERROR] \n  No API_KEY or ADC found. Please either:\n    - Set the `GOOGLE_API_KEY` environment variable.\n    - Manually pass the key with `genai.configure(api_key=my_api_key)`.\n    - Or set up Application Default Credentials, see https://ai.google.dev/gemini-api/docs/oauth for more information.",0,0,0,0,
logic-puzzles,L1,few-shot,"Example: If Alice has 3 and gives 1, answer: 2.\n\nYou are a precise reasoning assistant. Use only the information provided. If missing, say 'NOT ENOUGH INFORMATION'.\nPassage: Premises: All bloops are razzies. Some razzies are zopps.\nQ: If all bloops are razzies and some razzies are zopps. Can we conclude 'some bloops are zopps'?\nA:","[ERROR] \n  No API_KEY or ADC found. Please either:\n    - Set the `GOOGLE_API_KEY` environment variable.\n    - Manually pass the key with `genai.configure(api_key=my_api_key)`.\n    - Or set up Application Default Credentials, see https://ai.google.dev/gemini-api/docs/oauth for more information.",0,0,0,0,
logic-puzzles,L1,cot,"You are a precise reasoning assistant. Use only the information provided. If missing, say 'NOT ENOUGH INFORMATION'.\nPassage: Premises: All bloops are razzies. Some razzies are zopps.\nQ: If all bloops are razzies and some razzies are zopps. Can we conclude 'some bloops are zopps'?\nA:\n\nExplain your reasoning step by step, then give the final answer.","[ERROR] \n  No API_KEY or ADC found. Please either:\n    - Set the `GOOGLE_API_KEY` environment variable.\n    - Manually pass the key with `genai.configure(api_key=my_api_key)`.\n    - Or set up Application Default Credentials, see https://ai.google.dev/gemini-api/docs/oauth for more information.",0,0,0,0,
logic-puzzles,L2,zero-shot,"You are a precise reasoning assistant. Use only the information provided. If missing, say 'NOT ENOUGH INFORMATION'.\nPassage: Alice > Bob > Carol\nQ: Alice is older than Bob. Bob is older than Carol. Who is the youngest?\nA:","[ERROR] \n  No API_KEY or ADC found. Please either:\n    - Set the `GOOGLE_API_KEY` environment variable.\n    - Manually pass the key with `genai.configure(api_key=my_api_key)`.\n    - Or set up Application Default Credentials, see https://ai.google.dev/gemini-api/docs/oauth for more information.",0,0,0,0,
logic-puzzles,L2,few-shot,"Example: If Alice has 3 and gives 1, answer: 2.\n\nYou are a precise reasoning assistant. Use only the information provided. If missing, say 'NOT ENOUGH INFORMATION'.\nPassage: Alice > Bob > Carol\nQ: Alice is older than Bob. Bob is older than Carol. Who is the youngest?\nA:","[ERROR] \n  No API_KEY or ADC found. Please either:\n    - Set the `GOOGLE_API_KEY` environment variable.\n    - Manually pass the key with `genai.configure(api_key=my_api_key)`.\n    - Or set up Application Default Credentials, see https://ai.google.dev/gemini-api/docs/oauth for more information.",0,0,0,0,
logic-puzzles,L2,cot,"You are a precise reasoning assistant. Use only the information provided. If missing, say 'NOT ENOUGH INFORMATION'.\nPassage: Alice > Bob > Carol\nQ: Alice is older than Bob. Bob is older than Carol. Who is the youngest?\nA:\n\nExplain your reasoning step by step, then give the final answer.","[ERROR] \n  No API_KEY or ADC found. Please either:\n    - Set the `GOOGLE_API_KEY` environment variable.\n    - Manually pass the key with `genai.configure(api_key=my_api_key)`.\n    - Or set up Application Default Credentials, see https://ai.google.dev/gemini-api/docs/oauth for more information.",0,0,0,0,
logic-puzzles,L3,zero-shot,"You are a precise reasoning assistant. Use only the information provided. If missing, say 'NOT ENOUGH INFORMATION'.\nPassage: All A -> B. All B -> C.\nQ: If every A is B and every B is C, is every A C?\nA:","[ERROR] \n  No API_KEY or ADC found. Please either:\n    - Set the `GOOGLE_API_KEY` environment variable.\n    - Manually pass the key with `genai.configure(api_key=my_api_key)`.\n    - Or set up Application Default Credentials, see https://ai.google.dev/gemini-api/docs/oauth for more information.",0,0,0,0,
logic-puzzles,L3,few-shot,"Example: If Alice has 3 and gives 1, answer: 2.\n\nYou are a precise reasoning assistant. Use only the information provided. If missing, say 'NOT ENOUGH INFORMATION'.\nPassage: All A -> B. All B -> C.\nQ: If every A is B and every B is C, is every A C?\nA:","[ERROR] \n  No API_KEY or ADC found. Please either:\n    - Set the `GOOGLE_API_KEY` environment variable.\n    - Manually pass the key with `genai.configure(api_key=my_api_key)`.\n    - Or set up Application Default Credentials, see https://ai.google.dev/gemini-api/docs/oauth for more information.",0,0,0,0,
logic-puzzles,L3,cot,"You are a precise reasoning assistant. Use only the information provided. If missing, say 'NOT ENOUGH INFORMATION'.\nPassage: All A -> B. All B -> C.\nQ: If every A is B and every B is C, is every A C?\nA:\n\nExplain your reasoning step by step, then give the final answer.","[ERROR] \n  No API_KEY or ADC found. Please either:\n    - Set the `GOOGLE_API_KEY` environment variable.\n    - Manually pass the key with `genai.configure(api_key=my_api_key)`.\n    - Or set up Application Default Credentials, see https://ai.google.dev/gemini-api/docs/oauth for more information.",0,0,0,0,
